{
  "accuracy": 0.8624288425047438,
  "macro_avg": {
    "precision": 0.8587280520017962,
    "recall": 0.8545668769718477,
    "f1_score": 0.8544156117648404,
    "roc_auc_ovr": 0.9712057603341603
  },
  "per_class": {
    "glioma": {
      "precision": 0.9082125603864735,
      "recall": 0.7736625514403292,
      "f1_score": 0.8355555555555556,
      "support": 243.0,
      "specificity": 0.9765721331689272,
      "roc_auc_ovr": 0.9778305501007241
    },
    "healthy": {
      "precision": 0.90625,
      "recall": 0.9666666666666667,
      "f1_score": 0.9354838709677419,
      "support": 300.0,
      "specificity": 0.9602122015915119,
      "roc_auc_ovr": 0.9929133510167993
    },
    "meningioma": {
      "precision": 0.7372881355932204,
      "recall": 0.7044534412955465,
      "f1_score": 0.7204968944099378,
      "support": 247.0,
      "specificity": 0.9231722428748451,
      "roc_auc_ovr": 0.9218227152095281
    },
    "pituitary": {
      "precision": 0.8831615120274914,
      "recall": 0.9734848484848485,
      "f1_score": 0.926126126126126,
      "support": 264.0,
      "specificity": 0.9569620253164557,
      "roc_auc_ovr": 0.9922564250095895
    }
  },
  "confusion_matrix": [
    [
      188,
      1,
      52,
      2
    ],
    [
      1,
      290,
      3,
      6
    ],
    [
      18,
      29,
      174,
      26
    ],
    [
      0,
      0,
      7,
      257
    ]
  ],
  "class_names": [
    "glioma",
    "healthy",
    "meningioma",
    "pituitary"
  ]
}