{
  "accuracy": 0.8719165085388995,
  "macro_avg": {
    "precision": 0.867512166696864,
    "recall": 0.8649563751171938,
    "f1_score": 0.8625975988253792,
    "roc_auc_ovr": 0.979222884979305
  },
  "per_class": {
    "glioma": {
      "precision": 0.8739495798319328,
      "recall": 0.8559670781893004,
      "f1_score": 0.8648648648648648,
      "support": 243.0,
      "specificity": 0.9630086313193588,
      "roc_auc_ovr": 0.9830976338717126
    },
    "healthy": {
      "precision": 0.932475884244373,
      "recall": 0.9666666666666667,
      "f1_score": 0.9492635024549918,
      "support": 300.0,
      "specificity": 0.9721485411140584,
      "roc_auc_ovr": 0.9958090185676393
    },
    "meningioma": {
      "precision": 0.8232323232323232,
      "recall": 0.659919028340081,
      "f1_score": 0.7325842696629213,
      "support": 247.0,
      "specificity": 0.9566294919454771,
      "roc_auc_ovr": 0.9466610478154206
    },
    "pituitary": {
      "precision": 0.8403908794788274,
      "recall": 0.9772727272727273,
      "f1_score": 0.9036777583187391,
      "support": 264.0,
      "specificity": 0.9379746835443038,
      "roc_auc_ovr": 0.9913238396624473
    }
  },
  "confusion_matrix": [
    [
      208,
      2,
      27,
      6
    ],
    [
      3,
      290,
      4,
      3
    ],
    [
      26,
      18,
      163,
      40
    ],
    [
      1,
      1,
      4,
      258
    ]
  ],
  "class_names": [
    "glioma",
    "healthy",
    "meningioma",
    "pituitary"
  ]
}